,Daily Time Spent on Site,Age,Area Income,Daily Internet Usage,Male,Month,Day,Hour,dayofweek,Clicked on Ad
0,68.95,0,0.2614916101656652,256.09,0,3,27,0,6,0
1,80.23,0,0.6198629983758462,193.77,1,4,4,1,0,0
2,69.47,2,0.15042384055498084,236.5,0,3,13,20,6,0
3,74.15,0,-0.11964531919252491,245.89,1,1,10,2,6,0
4,68.37,0,0.9153339833202563,225.58,0,6,3,3,4,0
5,59.99,2,0.14910163102788607,226.74,1,5,19,14,3,0
6,88.91,0,-0.17134761650446165,208.36,0,1,28,20,3,0
7,66.0,1,-1.7581899504754432,131.76,1,3,7,1,0,1
8,74.53,0,0.6426491482039329,221.51,1,4,18,9,0,0
9,69.88,2,-0.07429863034983386,183.82,1,7,11,1,0,0
10,47.64,1,-0.6171643459530314,122.02,0,3,16,20,2,1
11,83.07,0,0.2971288990232976,230.87,1,5,8,8,6,0
12,69.57,1,-0.2915249650432045,113.12,1,6,3,1,4,1
13,79.52,2,-0.2859546557516591,214.23,0,4,20,21,2,0
14,42.95,0,-1.4120362555492598,143.56,0,3,24,9,3,1
15,63.45,2,-0.2619509667979249,140.64,1,3,9,3,2,1
16,55.39,0,-1.7937925299771553,129.41,0,1,30,19,5,1
17,82.03,0,0.786317680362897,187.53,0,5,2,7,0,0
18,54.7,0,-1.4059870656127493,118.39,1,2,13,7,5,1
19,74.58,0,-1.800036960040718,135.51,1,2,27,4,5,1
20,77.22,0,0.42247956859524577,224.44,1,1,5,7,1,0
21,84.59,0,0.16287744899249973,226.54,1,3,18,13,4,0
22,41.49,1,-1.3220251336411888,164.83,0,5,20,8,4,1
23,87.29,0,0.25036400759104444,209.93,1,3,23,9,2,0
24,41.39,0,0.6480898397444633,167.22,0,6,13,17,0,1
25,78.74,0,0.42387173916786736,204.79,1,5,27,15,4,0
26,48.53,0,-1.0274630999549454,134.14,1,2,8,10,0,1
27,51.95,1,0.06960961329845566,129.23,0,7,19,8,1,1
28,70.2,0,-1.318053081723043,119.2,0,4,14,5,3,1
29,76.02,2,-0.5874737459652069,209.82,0,1,27,12,2,0
30,67.64,0,-0.3003997134851137,267.01,1,7,2,20,5,0
31,86.41,0,-0.6192566693146109,207.48,1,3,1,22,1,0
32,59.05,1,-1.7045010848707474,169.23,1,7,15,5,4,1
33,55.6,2,-1.4526038999486544,212.58,0,1,14,14,3,1
34,57.64,1,-0.6199622454404313,133.81,1,3,15,3,1,1
35,84.37,0,0.23739030114840493,201.58,0,4,12,3,1,0
36,62.26,1,-0.013097900856792424,125.45,1,4,7,15,3,1
37,65.82,0,1.0533747188169313,221.94,0,2,9,5,1,0
38,50.43,1,0.022429294262529886,119.32,1,5,7,17,5,1
39,38.93,0,-1.6000953422620439,162.08,0,3,11,6,4,1
40,84.98,0,0.0368597089864553,202.61,0,4,27,9,2,0
41,64.24,0,0.1503283898261995,252.36,0,4,16,11,5,0
42,82.52,0,0.5184758850648485,198.11,1,5,8,15,6,0
43,81.38,0,0.42938239175392456,212.3,0,2,8,0,0,0
44,80.47,2,0.02751475723856141,204.86,0,2,11,13,3,0
45,37.68,1,-0.18639032596017122,172.83,1,2,17,13,2,1
46,69.62,2,-0.32694857442845154,202.25,1,2,26,22,4,0
47,85.4,0,0.5448511992285844,198.72,0,6,8,18,2,0
48,44.33,0,-0.23260474870087386,123.72,1,1,8,9,4,1
49,48.01,1,-0.147851009547378,119.93,0,4,25,11,0,1
50,73.18,2,0.24480671430796913,196.71,1,4,4,7,0,0
51,79.94,0,0.08209521942346391,225.29,0,5,3,21,1,0
52,33.33,1,-0.19861290024734493,193.58,1,1,17,9,6,1
53,50.33,1,0.30615983956684867,133.2,1,3,2,4,2,1
54,62.31,1,0.3096871778622641,119.3,0,2,14,7,6,1
55,80.6,0,0.5676780240831403,177.55,0,4,7,3,3,0
56,65.19,0,0.9893565658237851,150.61,0,2,17,11,2,1
57,44.98,1,-0.2535767923484311,129.31,0,4,10,0,6,1
58,77.63,0,-0.04875200205869868,239.22,0,2,14,17,6,0
59,41.82,0,-1.7441125949812708,156.36,0,5,26,22,3,1
60,85.61,0,-0.5045807536892589,183.43,0,4,30,8,5,0
61,85.84,0,0.41447092705028904,192.93,1,6,15,5,2,0
62,72.08,0,0.7709891610545296,169.5,0,3,9,14,2,0
63,86.06,0,0.24886337028117148,178.92,1,3,31,20,3,0
64,45.96,1,0.5026977711305747,141.22,0,6,3,0,4,1
65,62.42,0,0.916468003058219,198.5,1,3,10,23,3,0
66,63.89,0,-0.30885740732229117,105.22,0,1,8,0,4,1
67,35.33,0,-0.2983985021828254,200.22,0,6,5,22,6,1
68,75.74,2,0.21658475394252857,215.25,1,1,16,11,5,0
69,78.53,0,-1.327379051791918,131.72,0,4,22,20,4,1
70,46.13,0,0.1755355172297377,139.01,0,2,1,9,0,1
71,69.01,1,0.9507928443951097,222.63,0,7,7,13,3,0
72,55.35,0,1.003171431813809,153.17,1,3,8,0,1,1
73,33.21,0,-0.7788985555349017,167.07,1,5,10,17,1,1
74,38.46,0,0.06349317398484951,145.98,1,4,6,11,2,1
75,64.1,2,0.18729059987935773,215.93,0,4,1,16,4,0
76,49.81,0,-0.00013775275630932015,120.06,1,1,5,4,1,1
77,82.73,0,-0.13399655319825723,238.99,1,5,20,21,4,0
78,56.14,0,-1.3191323257586942,113.53,1,2,3,7,2,1
79,55.13,1,-0.07627272496780935,111.71,0,2,17,21,2,1
80,78.11,0,0.3408334014640026,209.25,1,1,30,16,5,0
81,73.46,0,0.4686397579673223,222.75,1,5,15,14,6,0
82,56.64,0,0.2516553040980222,115.91,0,1,5,17,1,1
83,68.94,1,-1.4255804970298418,138.71,0,4,19,7,1,1
84,70.79,0,0.9503660277840257,184.1,0,3,15,15,1,0
85,57.76,0,-0.49625538927152796,105.15,0,6,12,15,6,1
86,77.51,0,0.899622034095705,200.55,0,7,1,4,4,0
87,52.7,0,0.08306599672186399,118.6,1,5,8,12,6,1
88,57.7,0,-0.7763848388991007,109.07,0,3,14,23,0,1
89,56.89,0,-1.0671781957995443,109.29,1,5,25,0,2,1
90,69.9,0,0.7798883145123203,138.35,0,5,13,11,4,1
91,55.79,2,0.137630731229865,149.67,0,2,20,20,5,1
92,70.03,2,0.3932976776051301,227.72,1,5,22,20,6,0
93,50.08,0,0.3869854558307852,125.85,1,4,10,2,6,1
94,43.67,0,-1.6989123362338692,166.29,1,2,28,6,6,1
95,72.84,2,-0.21932408139181267,238.63,0,7,8,21,4,0
96,45.72,0,-1.8731782503040795,154.02,1,4,19,15,1,1
97,39.94,0,0.42925114700185046,156.3,0,1,8,22,4,1
98,35.61,1,-0.27894661985784636,158.22,0,3,28,8,0,1
99,79.71,0,0.6749087828635569,211.65,1,7,2,14,5,0
100,41.49,1,-1.3593404029241003,169.18,0,7,3,9,6,1
101,63.6,2,-0.27916789200183934,235.28,1,6,1,9,2,0
102,89.91,0,0.13999042509876883,194.23,0,7,9,14,5,0
103,68.18,2,-0.46836804879050786,218.17,1,2,9,22,1,0
104,66.49,2,-0.006918008501894299,202.16,0,6,10,11,4,0
105,80.49,0,0.5517833084063206,229.12,1,2,14,3,6,0
106,72.23,2,-0.5669762442931244,241.03,1,7,5,17,1,0
107,42.39,0,0.5167762112921194,150.99,0,4,28,5,3,1
108,47.53,0,-1.288270827342241,135.18,0,4,3,5,6,1
109,74.02,0,0.8276337452493258,210.54,0,3,9,14,2,0
110,66.63,1,0.18011335587543267,176.98,0,1,16,23,5,1
111,63.24,1,0.44562637032469343,235.78,1,7,3,4,6,1
112,71.0,2,-0.05124619468179481,211.87,0,3,14,6,0,0
113,46.13,1,-1.0398478320143099,123.64,1,1,9,5,5,1
114,69.0,0,0.8498938314017441,221.21,1,2,11,4,3,0
115,76.99,0,-0.015322011304132407,244.34,1,6,22,7,2,0
116,72.6,1,0.5316627286461867,162.95,0,7,13,16,2,1
117,61.88,0,0.17415527799821345,112.19,1,7,23,11,5,1
118,84.45,1,-1.4797308886015421,207.18,0,7,13,4,2,1
119,88.97,1,-0.4198920945781138,152.49,0,6,11,18,5,1
120,86.19,0,0.03563728885763241,210.26,1,5,8,12,6,0
121,49.58,2,-0.011961169450397841,231.94,0,4,7,16,3,0
122,77.65,0,0.3396408096879232,212.79,0,2,4,13,3,0
123,37.75,0,-1.1684850437249752,225.24,0,2,26,19,4,1
124,62.33,0,0.6385865265601817,127.11,0,6,21,13,1,1
125,79.57,0,0.22860937643421797,230.93,0,5,17,4,1,0
126,80.31,0,-0.03500330077839827,127.07,0,4,18,15,0,1
127,89.05,1,0.046431356215205014,206.98,0,4,3,10,6,0
128,70.41,0,0.5209608580152785,223.03,0,4,4,21,0,0
129,67.36,0,0.8727325875973978,233.56,0,7,6,16,2,0
130,46.98,1,-1.9180926991988236,175.37,0,5,4,9,2,1
131,41.67,0,-0.17329079810232048,132.55,0,6,13,18,0,1
132,51.24,0,1.0497416254526957,176.73,0,1,3,16,6,1
133,75.7,0,0.5760202008451455,215.44,0,1,14,0,3,0
134,43.49,1,-0.36210752497480536,127.83,0,1,12,10,1,1
135,49.89,0,-2.1314972084051416,160.03,1,4,16,12,5,1
136,38.37,0,-0.8559728496909984,140.46,0,5,13,6,4,1
137,38.52,0,-0.782645538973251,137.28,1,3,27,23,6,1
138,71.89,2,0.24978154121200458,172.81,1,2,3,23,2,0
139,75.8,0,0.7355834486809292,146.19,1,4,18,11,0,0
140,83.86,0,0.38560250493082987,190.25,0,2,5,19,4,0
141,37.51,0,-0.2665559221279331,163.0,1,3,21,18,0,1
142,55.6,0,0.4849254962319328,124.38,1,6,14,11,1,1
143,83.67,0,0.1724848902445422,234.26,1,2,6,23,5,0
144,69.08,0,1.108951447983488,210.6,0,3,12,1,5,0
145,37.47,0,-0.6126103699895314,141.89,1,1,26,3,1,1
146,56.04,1,0.4397545235035893,128.95,1,2,7,8,6,1
147,70.92,0,-0.3805376506348764,108.16,1,5,5,7,3,1
148,49.78,1,0.7975673080169251,152.24,0,6,29,2,2,1
149,68.61,1,0.25804453725581555,150.29,0,4,10,19,6,1
150,58.18,2,0.6562530463900028,176.28,1,2,10,6,2,0
151,78.54,0,0.8412983848082569,172.1,0,5,28,20,5,0
152,37.0,1,-1.0971367086283799,158.22,1,3,24,6,3,1
153,65.4,0,0.525348879870783,247.31,0,2,12,22,4,0
154,79.52,0,0.3945737887688927,183.48,1,6,10,10,4,0
155,87.98,0,-0.020321785557735627,222.11,1,3,31,10,3,0
156,44.64,0,-0.06642069122326487,127.01,0,2,14,6,6,1
157,41.73,0,0.22398543942519125,202.18,1,1,7,19,3,1
158,80.46,0,0.2502094424904613,207.96,1,2,4,2,3,0
159,75.55,0,0.8798046188661884,159.24,0,5,9,2,0,1
160,76.32,0,0.9303159514031053,195.31,1,6,23,0,3,0
161,82.68,0,0.30681389399247444,222.77,1,6,20,9,0,0
162,72.01,0,0.04038162394500825,251.0,0,2,29,12,0,0
163,75.83,2,0.054631441551410385,162.44,0,1,17,15,6,0
164,41.28,1,-0.32823227826382173,140.39,0,1,29,3,4,1
165,34.66,0,-0.4753934393622808,194.83,0,7,14,12,3,1
166,66.18,1,-1.558691961652127,143.42,0,1,10,23,6,1
167,86.06,0,-0.1759970431967425,219.72,1,4,28,18,3,0
168,59.59,0,-0.724026317826793,104.78,1,7,6,18,2,1
169,86.69,0,0.28343876978111265,198.56,0,5,27,6,4,0
170,43.77,1,-0.43290539137985024,138.55,1,1,25,7,0,1
171,71.84,1,1.0299551232432962,199.79,1,5,8,22,6,0
172,80.23,0,0.601044019462729,196.23,0,3,19,14,5,0
173,74.41,2,0.4004347889162719,163.05,0,7,23,4,5,0
174,63.36,1,0.7072557332466683,137.43,0,6,23,1,3,1
175,71.74,0,0.8358267802476103,227.56,0,7,19,18,1,0
176,60.72,0,-0.7601620113420954,105.69,0,2,28,18,6,1
177,72.04,2,0.1788226017021413,199.43,0,2,10,6,2,0
178,44.57,0,-1.0121313266444607,133.17,1,3,27,9,6,1
179,85.86,0,0.3309884180573793,208.23,0,5,23,2,0,0
180,39.85,0,-1.3921114582498646,145.96,0,1,3,3,6,1
181,84.53,0,-0.8812472264716328,168.34,0,1,4,21,0,1
182,62.95,1,-1.0987713023587584,157.04,0,5,24,13,1,1
183,67.58,0,0.43561814447850705,255.61,1,2,1,19,0,0
184,85.56,0,-0.18109714918230319,210.46,0,6,5,13,6,0
185,46.88,1,-0.7358079748270396,136.64,0,2,4,8,3,1
186,46.31,1,-0.6922227857973113,153.98,1,3,24,13,3,1
187,77.95,0,0.30156898491268325,233.65,1,6,2,21,3,0
188,84.73,0,-0.9312818476983289,153.76,0,2,21,7,6,1
189,39.86,0,-1.324308900794017,145.85,0,6,26,17,6,1
190,50.08,0,-0.8342415388826814,123.91,0,1,3,5,6,1
191,60.23,0,-0.7429195964549272,106.86,0,3,8,18,1,1
192,60.7,1,-0.7602878327573069,110.57,1,6,19,3,6,1
193,43.67,1,-0.5970003794979971,143.79,1,7,21,21,3,1
194,77.2,0,-0.41688214261938755,254.05,1,2,12,20,4,0
195,71.86,0,-0.2917191205028846,116.53,0,5,17,6,1,1
196,44.78,1,0.3444220234659649,137.24,1,7,9,11,5,1
197,78.57,0,0.3814574485667678,239.32,1,3,27,2,6,0
198,73.41,0,0.8697405326503181,201.26,1,1,16,8,5,0
199,77.05,0,0.5213074092407967,191.14,0,1,21,23,3,0
200,66.4,0,1.1147967204539657,214.42,0,6,5,0,6,0
201,69.35,0,-0.19420698138019332,252.77,1,2,13,15,5,0
202,35.65,0,-1.3963221369899639,172.58,1,5,10,7,1,1
203,70.04,0,0.9636423564235966,183.85,1,3,27,3,6,0
204,69.78,0,0.7266083685070622,218.79,0,5,24,18,1,0
205,58.22,0,-1.0666109147637195,120.9,0,2,11,2,3,1
206,76.9,0,0.49328177366978043,212.67,0,4,22,8,4,0
207,84.08,0,0.28874333556639203,187.36,1,1,13,2,2,0
208,59.51,1,-0.9696741916821469,140.83,0,6,16,2,3,1
209,40.15,0,-0.9906814870193109,134.88,1,6,27,18,0,1
210,76.81,0,0.44253994931620516,217.85,1,7,3,12,6,0
211,41.89,0,0.6240991667991995,163.38,0,2,3,4,2,1
212,76.87,0,-0.12134878930105827,235.35,1,5,29,21,6,0
213,67.28,0,1.0431604061699675,155.8,1,4,3,21,6,1
214,81.98,0,0.4582513562070697,229.22,0,4,15,11,4,0
215,66.01,2,-1.2411355220022742,151.95,0,6,21,3,1,1
216,61.57,1,-1.1800269892358963,125.94,1,3,14,14,0,1
217,53.3,0,-0.6572319586936972,111.94,0,5,6,21,4,1
218,34.87,0,0.14147967340123044,200.23,0,6,12,17,6,1
219,43.6,0,-1.9608486600222652,170.49,0,1,11,7,0,1
220,77.88,0,-0.08996719287948404,254.57,0,7,2,0,5,0
221,75.83,0,0.5696548303695477,200.59,0,3,4,10,4,0
222,49.95,0,0.6359106521521899,136.59,0,3,24,9,3,1
223,60.94,0,1.0782428876665586,154.97,0,2,14,7,6,1
224,89.15,0,0.15588188677347106,171.07,0,4,25,7,0,0
225,78.7,0,-0.1936462083486034,133.99,0,2,10,19,2,1
226,57.35,0,-0.8490770768702413,119.84,0,4,23,14,5,1
227,34.86,0,-0.3834103921709793,154.75,0,6,18,17,5,1
228,70.68,0,0.9446248833813092,199.08,0,7,17,1,6,0
229,76.06,2,0.08793018755390257,201.04,0,4,27,4,2,0
230,66.67,0,0.8512236336004456,228.03,1,4,21,20,3,0
231,46.77,0,-1.405694747755857,136.4,1,3,23,6,2,1
232,62.42,0,0.9454438072475568,143.94,0,7,19,7,1,1
233,78.32,0,-0.41776831586273167,239.52,0,6,26,11,6,1
234,37.32,1,-0.015031320448298635,199.25,1,3,30,23,2,1
235,40.42,1,-0.9126689555859895,133.9,1,3,16,7,2,1
236,76.77,0,0.07246174615448132,123.51,0,5,4,0,2,1
237,65.65,0,0.8242219240290837,158.05,0,7,2,21,5,0
238,74.32,0,0.27375974048248425,128.17,0,5,23,21,0,1
239,73.27,0,0.5478199338271553,234.75,1,1,29,20,4,0
240,80.03,0,-1.7887379800212404,150.84,0,7,23,14,5,1
241,53.68,1,-0.045087995674346654,115.26,1,2,16,9,1,1
242,85.84,0,0.28161381692685783,192.85,1,6,9,21,3,0
243,85.03,0,0.18224255792767768,204.52,0,6,19,9,6,0
244,70.44,2,0.44839389912566313,178.75,1,6,6,21,0,0
245,81.22,1,-1.2312634219113385,223.09,1,1,7,13,3,0
246,39.96,1,0.14092595070756211,146.13,1,4,15,6,4,1
247,57.05,0,-0.36517550663796106,269.96,1,1,9,3,5,1
248,42.44,1,-0.7355232496417546,168.27,0,2,10,15,2,1
249,62.2,2,-1.7139962630497347,161.16,0,4,24,13,6,1
250,76.7,0,0.7660024028093969,222.25,0,6,12,5,6,0
251,61.22,1,0.37266513484516944,119.03,1,1,5,9,1,1
252,84.54,0,0.4279104981294231,204.02,1,3,2,10,2,0
253,46.08,0,0.5299961372283193,164.63,1,7,21,10,3,1
254,56.7,1,0.31306483206027247,123.13,0,1,9,4,5,1
255,81.03,0,0.36418791699528674,201.15,0,1,6,13,2,0
256,80.91,0,0.249252765867904,231.42,0,1,31,4,6,0
257,40.06,0,-0.012480182788145755,138.68,1,6,11,8,5,1
258,83.47,0,0.40325058541531805,226.11,0,5,15,20,6,0
259,73.84,0,-0.811838276637092,121.05,0,6,18,17,5,1
260,74.65,0,0.5779519934355927,212.56,0,3,17,5,3,0
261,60.25,0,-0.11586145706351014,109.77,0,6,29,13,2,1
262,59.21,0,0.8859221428471673,144.62,1,2,2,8,1,1
263,43.02,0,-0.36946645076362644,125.22,0,4,13,5,2,1
264,84.04,0,-0.34105358894062315,244.55,0,7,20,9,2,0
265,70.66,0,0.34919022123553617,120.95,1,2,26,4,4,1
266,70.58,2,-0.01725597322932459,136.94,0,2,26,9,4,1
267,72.44,0,0.7340410516772142,230.14,0,4,15,14,4,0
268,40.17,2,-0.5217439878582336,171.31,1,2,1,14,0,1
269,79.15,2,0.2874330573803954,203.23,0,1,20,19,2,0
270,44.49,1,0.3301635285205825,168.0,1,4,23,6,5,1
271,73.04,0,0.9043522685072384,221.79,1,6,19,22,6,0
272,76.28,0,-0.23460433300210307,254.34,0,2,15,7,0,0
273,68.88,0,1.1447145582563316,179.58,0,2,9,19,1,0
274,73.1,0,0.00013775275630892555,242.37,0,1,25,7,0,0
275,47.66,0,-1.6229823661557745,156.54,0,7,18,11,0,1
276,87.3,0,0.07185270542481456,216.87,0,1,9,7,5,0
277,89.34,0,-0.3685857008571448,177.78,1,3,21,21,0,0
278,81.37,2,-0.21491924719203342,156.48,1,2,15,12,0,0
279,81.67,0,0.32082616944429615,196.76,1,3,4,8,4,0
280,46.37,1,-1.3105368791652074,144.27,0,1,5,0,1,1
281,54.88,2,-1.3561314145025178,148.61,0,5,15,1,6,1
282,40.67,0,-0.4392485261743118,133.18,0,5,5,9,3,1
283,71.76,0,0.6656272841569549,237.39,0,5,26,13,3,0
284,47.51,1,-0.17960627387878286,130.41,1,5,21,1,5,1
285,75.15,2,-0.2712373465077033,212.87,1,5,4,12,2,0
286,56.01,2,-0.5788354550105057,127.26,0,7,5,18,1,1
287,82.87,0,0.59257927528763,213.36,0,6,28,20,1,0
288,45.05,0,0.5063579811791225,141.36,0,5,5,11,3,1
289,60.53,2,0.5348277880391825,167.22,0,3,25,15,4,1
290,50.52,0,0.8275241938447024,171.62,0,1,23,15,5,1
291,84.71,0,0.24935147059880278,210.23,0,5,29,7,6,0
292,55.2,0,1.0601696175720448,159.46,1,5,30,7,0,1
293,81.61,0,0.3067010885857333,228.76,0,4,17,15,6,0
294,71.55,0,1.0128168364238896,163.99,1,7,20,23,2,0
295,82.4,0,0.527818125144311,218.97,1,6,29,3,2,0
296,73.95,0,0.5804337123839051,238.58,0,4,10,14,6,0
297,72.07,0,0.6886667038165236,226.45,0,4,16,16,5,0
298,80.39,0,0.5020485977081249,214.74,0,5,3,8,1,0
299,65.8,2,0.2077691198724212,231.49,1,3,18,16,4,0
300,69.97,0,-0.1068776995506632,250.0,0,5,22,0,6,0
301,52.62,1,0.9138837830432048,176.52,0,2,1,20,0,1
302,39.25,0,0.2910026977033388,152.36,0,1,23,17,5,1
303,77.56,0,0.34300165154165774,130.83,1,5,19,3,3,1
304,33.52,0,-0.8037759440571955,165.56,0,5,9,21,0,1
305,79.81,2,-0.04434879485997853,178.85,1,5,31,11,1,1
306,84.79,0,0.2581291413108719,214.53,0,3,30,19,2,0
307,82.7,0,0.23708062861355225,231.07,0,1,9,15,5,0
308,84.88,0,0.37488924529250944,186.48,0,4,18,3,0,0
309,54.92,1,-1.7917050876187524,161.16,0,6,13,13,0,1
310,76.56,0,0.714080460354526,221.53,1,4,23,8,5,0
311,69.74,1,0.5158949190519518,243.37,0,3,27,16,6,0
312,75.55,2,-0.8222277630647169,169.4,0,2,19,7,4,1
313,72.19,0,0.23119034244711514,250.35,1,5,19,11,3,0
314,84.29,0,0.19665453330627053,232.54,0,1,27,20,2,0
315,73.89,0,-0.5342946740255926,110.68,0,4,20,0,2,1
316,75.84,2,-0.4596343071070254,186.98,0,2,7,7,6,0
317,73.38,2,-0.214405657191148,236.19,1,4,21,9,3,0
318,80.72,0,0.6292524214860128,186.37,0,4,19,5,1,0
319,62.06,0,-0.6962506980851417,105.0,0,4,12,14,1,1
320,51.5,0,0.5443869615931485,135.31,0,3,15,11,1,1
321,90.97,0,-0.1351582319542196,180.77,0,2,16,18,1,0
322,86.78,0,-0.11171423136470296,170.13,1,2,18,23,3,0
323,66.18,0,0.6759712145549341,243.61,0,3,25,8,4,0
324,84.33,0,-0.10967993770755291,240.95,0,3,16,0,2,0
325,36.87,0,-1.4975834288857495,195.91,0,1,28,11,3,1
326,34.78,1,-0.7674498914180169,208.21,1,3,24,2,3,1
327,76.84,0,0.4811090940817427,231.59,0,3,3,22,3,0
328,67.05,2,0.4560532777766702,220.92,0,2,26,9,4,0
329,41.47,0,0.21376787277610967,219.79,0,7,6,15,2,1
330,80.71,2,0.07941229467755057,200.58,0,6,24,5,4,0
331,80.09,0,0.5219712256727747,214.08,0,5,23,21,0,0
332,56.3,1,0.5650390283658144,135.24,1,2,3,19,2,1
333,79.36,0,0.013455841089721952,245.78,1,4,28,22,3,0
334,86.38,0,0.5069203812117715,188.27,1,3,19,14,5,0
335,38.94,0,0.031167916949188457,142.67,1,7,15,9,4,1
336,87.26,0,0.32801697179037764,184.03,0,5,12,4,3,0
337,75.32,0,0.16195168539005908,233.6,1,1,1,21,4,0
338,74.38,0,0.9226348794046474,220.05,1,3,13,13,6,0
339,65.9,2,0.19189718221042465,211.39,0,7,16,14,5,0
340,36.31,1,0.052660600935552714,168.92,0,4,18,0,0,1
341,72.23,1,-0.23190025724242574,115.35,0,7,17,1,6,1
342,88.12,0,-0.5617790605777238,230.91,0,2,17,7,2,0
343,83.97,0,-0.001386747235759081,205.5,1,6,16,2,3,0
344,61.09,2,-0.09090163382090499,131.68,1,4,9,16,5,1
345,65.77,2,-0.8053329840704393,218.61,1,3,18,17,4,0
346,81.58,2,-0.9389515306893753,199.39,0,5,11,22,2,0
347,37.87,1,-0.03348802045899615,188.56,1,5,25,20,2,1
348,76.2,0,0.9779388147270169,178.51,0,2,29,19,0,0
349,60.91,2,-0.20080935167668568,184.94,0,6,9,14,3,1
350,74.49,0,0.1075892413470321,237.34,0,1,30,16,5,0
351,73.71,2,-0.022082743037011708,211.38,1,2,15,5,0,0
352,78.19,0,0.2963143138265394,228.81,0,1,31,6,6,0
353,79.54,0,0.7310820790849963,217.68,1,1,5,16,1,0
354,74.87,1,-0.7220505962077589,126.97,0,5,31,2,1,1
355,87.09,0,0.039330581261042365,221.98,1,4,21,16,3,0
356,37.45,1,-1.3954945357847357,167.86,0,4,10,3,6,1
357,49.84,0,-0.6080547670249729,111.59,0,2,9,7,1,1
358,51.38,1,-0.7945085460264364,158.56,0,6,17,17,4,1
359,83.4,0,0.5249209785923263,207.87,0,5,22,21,6,0
360,38.91,0,-0.034848193344128746,150.8,1,7,13,7,2,1
361,62.14,0,0.1293785818597786,110.93,1,1,23,18,5,1
362,79.72,0,0.4887950470833767,193.8,1,5,20,12,4,0
363,73.3,0,0.6073622069076229,135.72,1,1,30,4,5,1
364,69.11,0,0.9000944067364351,231.48,1,4,21,12,3,0
365,71.9,1,0.22868367614923532,140.15,1,4,22,20,4,1
366,72.45,0,0.8305086561201744,195.36,1,1,11,6,0,0
367,77.07,0,-0.6753610891578954,261.02,0,3,1,10,1,0
368,74.62,0,0.878301269887884,217.79,0,4,4,8,0,0
369,82.07,2,-0.558073836833216,205.38,1,6,20,6,0,0
370,58.6,1,-0.6297470298078797,113.7,0,1,28,7,3,1
371,36.08,1,-0.8457710107188187,151.47,1,7,3,4,6,1
372,79.44,2,0.2078900602844567,206.79,0,5,15,13,6,0
373,41.73,1,0.20611229046090598,144.71,0,4,8,22,4,1
374,73.19,2,0.39349454473324125,203.74,1,1,19,12,1,0
375,77.6,2,0.061802719884786604,197.33,1,5,26,15,3,0
376,89.0,0,-0.26753971543480326,222.26,1,1,26,15,1,0
377,69.2,0,-1.6806004393174023,123.8,0,6,17,9,4,1
378,67.56,0,0.2877665925974431,125.45,0,4,25,21,0,1
379,81.11,0,-0.043155118416526805,248.19,1,7,13,11,2,0
380,80.22,0,0.259995311525282,224.58,0,7,5,15,1,0
381,43.63,0,-0.29015177614960186,123.25,1,3,15,14,1,1
382,77.66,0,0.5460562646794475,168.15,0,6,19,22,6,0
383,74.63,2,-0.2731675120970917,235.99,1,7,5,20,1,0
384,49.67,0,-1.5723994455722723,153.69,0,5,9,8,0,1
385,80.59,0,0.5820466127668329,224.23,0,7,21,23,3,0
386,83.49,0,0.518563200788336,190.75,1,6,3,17,4,0
387,44.46,0,-1.4385303407902859,132.66,1,1,15,19,4,1
388,68.1,0,0.9702951637529109,227.73,1,2,5,16,4,0
389,63.88,0,-2.007750761877141,136.85,0,2,29,23,0,1
390,78.83,0,0.4901790826507047,234.64,1,5,8,12,6,0
391,79.97,0,0.7287196735476602,216.0,0,7,13,1,2,0
392,80.51,0,0.3794302052475393,200.28,1,1,8,2,4,0
393,62.26,2,0.7154162282237772,202.77,0,6,8,12,2,0
394,66.99,1,-1.613431327607103,124.44,1,6,15,11,2,1
395,71.05,2,-0.4050088312261635,204.22,1,6,13,22,0,0
396,42.05,1,-1.5540588049704338,174.55,1,6,20,14,0,1
397,50.52,0,0.5378176736515174,219.69,0,4,3,6,6,1
398,76.24,0,1.0039941520158606,198.32,1,5,31,23,1,0
399,77.29,0,0.5018235292283278,201.24,1,2,15,3,0,0
400,35.98,1,-0.05524319394950859,165.52,1,3,10,23,3,1
401,84.95,0,-0.03432972234006681,230.36,0,2,26,17,4,0
402,39.34,0,-1.3990267550833273,148.93,0,4,17,21,6,1
403,87.23,0,-0.3252478159883496,202.12,0,3,26,19,5,0
404,57.24,1,-0.571574149285211,117.35,1,6,29,21,2,1
405,81.58,0,-0.08312239942523476,248.16,0,1,27,17,2,0
406,56.34,1,0.6346063396367417,139.02,1,3,17,23,3,1
407,48.73,0,-1.2376635017428568,142.04,0,7,9,16,5,1
408,51.68,1,-0.3224043604713043,258.62,0,6,28,12,1,1
409,35.34,1,-0.5596091834990095,152.86,0,6,18,16,5,1
410,48.09,0,-2.0428050420220476,180.42,0,5,28,12,5,1
411,78.68,0,0.499674803163378,208.05,0,1,16,16,5,0
412,68.82,2,-0.9980621061555823,205.64,1,7,11,15,0,0
413,56.99,0,-1.0466535774431487,108.15,0,7,16,23,5,1
414,86.63,0,0.36618262029333987,209.64,1,4,6,21,2,0
415,41.18,0,-0.8214050428626648,129.25,1,7,5,0,1,1
416,71.03,0,0.045251238113909714,120.85,0,2,17,23,2,1
417,72.92,0,0.6733848252051745,217.1,1,3,15,17,1,0
418,77.14,2,0.1774342274653235,184.88,1,1,21,18,3,0
419,60.7,0,1.210490414726637,192.6,1,6,6,22,0,0
420,34.3,0,-0.20850669368573102,160.74,1,5,16,14,0,1
421,83.71,1,0.40955792618648684,220.48,1,4,17,19,6,0
422,53.38,0,0.20560249679582474,120.06,1,3,30,1,2,1
423,58.03,0,-1.552423668906369,129.33,0,6,29,9,2,1
424,43.59,0,0.0996521878486609,132.31,1,5,26,13,3,1
425,60.07,0,0.4854466789044258,120.75,1,4,15,10,4,1
426,54.43,0,0.9853064178548175,154.74,1,5,31,9,1,1
427,81.99,0,0.23091700626924158,230.9,0,2,15,14,0,0
428,60.53,0,-0.013711280255948942,123.28,0,5,9,10,0,1
429,84.69,0,-0.5885226193144281,231.85,1,7,7,23,3,0
430,88.72,0,-0.7127235414715112,211.87,1,1,3,17,6,0
431,88.89,0,-0.35646562763667405,218.8,1,7,17,18,6,0
432,69.58,0,-1.5718760935650342,255.07,0,4,4,18,0,1
433,85.23,0,0.39191255737042974,212.92,1,2,27,12,5,0
434,83.55,0,0.4774749160501349,221.18,1,6,8,20,2,0
435,56.66,0,0.849952945773546,139.42,0,2,20,10,5,1
436,56.39,0,-0.9867707188077118,248.12,1,3,23,21,2,0
437,76.24,0,0.3776887717809681,214.42,0,6,7,1,1,0
438,57.64,0,-1.0738076827803495,110.25,1,1,18,15,0,1
439,78.18,2,-0.23431581148101438,167.67,0,6,9,19,3,0
440,46.04,0,0.4603127665485326,147.92,0,5,30,20,0,1
441,79.4,0,0.37716162343792625,236.87,0,4,1,9,4,0
442,36.44,0,-0.2500928407479164,147.64,1,5,31,6,1,1
443,53.14,0,-0.4284886258389733,109.0,1,7,3,22,6,1
444,32.84,0,-0.8557705592260247,171.72,0,3,10,1,3,1
445,73.72,0,-0.2642390726202432,256.4,1,3,18,2,4,0
446,38.1,0,0.19680150573524613,214.38,1,5,30,18,0,1
447,73.93,0,0.9310649142238261,218.22,0,2,20,0,5,0
448,51.87,1,-0.27889130182184796,119.65,0,3,10,22,3,1
449,77.69,2,-0.4425291026424802,169.88,1,6,21,14,1,0
450,43.41,0,0.11561035656677252,160.73,0,2,5,15,4,1
451,55.92,2,-1.2506578168655744,145.08,0,5,31,21,1,1
452,80.67,0,0.10288395428506643,239.76,0,1,1,2,4,0
453,83.42,2,-0.3884074547561514,183.42,1,3,4,14,4,0
454,82.12,1,-1.536559866249666,201.15,1,2,3,10,2,1
455,66.17,0,0.6972979444333038,238.45,0,1,20,0,2,0
456,43.01,0,-0.46991369979634023,127.37,0,6,11,9,5,1
457,80.05,2,-0.5994110527334092,219.94,1,3,8,5,1,0
458,64.88,0,0.7046655475611044,129.8,1,2,14,22,6,1
459,79.82,2,-0.29826400342863346,223.28,1,7,17,22,6,0
460,48.03,0,-1.7036626369917942,134.6,1,6,2,22,3,1
461,32.99,1,-0.41919302645652856,177.46,0,4,30,19,5,1
462,74.88,0,0.5546961826352073,175.17,1,4,17,6,6,0
463,36.49,1,-0.8067739646748241,196.61,1,3,9,0,2,1
464,88.04,1,0.30248878284457503,191.17,1,3,7,20,0,0
465,45.7,0,0.5625090417194252,151.12,1,5,26,10,3,1
466,82.38,0,-1.703381708142313,159.6,0,7,18,1,0,1
467,52.68,2,-0.9434599506232295,149.2,1,7,16,5,5,1
468,65.59,1,-1.5590189888649402,121.81,0,3,22,6,1,1
469,65.65,2,0.37244332036749056,224.92,1,6,3,6,4,0
470,43.84,0,0.7365168049549771,167.42,0,6,28,9,1,1
471,67.69,0,1.0519044521934886,216.57,0,7,18,18,0,0
472,78.37,2,-0.10831596848661654,207.27,0,1,23,4,5,0
473,81.46,0,-0.29156835173810486,231.54,0,2,29,11,0,0
474,47.48,0,-1.4997207659432883,141.34,0,6,30,0,3,1
475,75.15,0,0.7746895037958609,219.49,1,6,19,18,6,0
476,78.76,2,-0.5743064263965736,219.98,1,1,8,8,4,0
477,44.96,1,-0.22833875192477626,132.71,1,1,2,12,5,1
478,39.56,0,0.12100332274291205,143.13,1,5,13,11,4,1
479,39.76,0,-1.1747896728277127,196.83,1,2,8,14,0,1
480,57.11,2,0.1445503667328176,207.17,1,6,7,23,1,0
481,83.26,0,0.7166017696619349,187.76,1,1,2,14,5,0
482,69.42,2,0.47610769282708076,213.38,0,2,13,4,5,0
483,50.6,0,-1.2376689250797197,129.88,1,5,3,12,1,1
484,46.2,0,-0.3089631623911115,119.3,0,4,3,11,6,1
485,66.88,0,0.31339619794257556,119.47,1,3,23,19,2,1
486,83.97,0,0.5032514938242426,158.42,1,2,2,11,1,0
487,76.56,0,0.5975367475137044,213.75,0,3,8,10,1,0
488,35.49,1,-0.7070843558018113,159.77,0,4,8,14,4,1
489,80.29,0,-0.4097233379607954,244.87,1,6,30,0,3,0
490,50.19,0,-1.2487249396077544,117.3,0,3,25,19,4,1
491,59.12,0,-1.5620441261668816,124.54,0,5,12,21,3,1
492,59.88,0,1.004556009714823,193.63,1,3,2,5,2,0
493,59.7,0,-0.4259380305125067,120.25,0,5,10,14,1,1
494,67.8,0,-0.9329554894541179,117.75,1,3,3,2,3,1
495,81.59,0,0.4780253847416855,223.16,0,7,4,11,0,0
496,81.1,0,0.2255983398081194,216.49,1,7,8,3,4,0
497,41.7,0,-0.7654546457862774,126.95,0,5,27,5,4,1
498,73.94,0,0.6139602385346247,173.49,0,2,10,13,2,0
499,58.35,0,0.7170003849213333,132.63,0,6,12,21,6,1
500,51.56,1,0.33027524925995166,124.85,0,1,7,13,3,1
501,79.81,0,-0.280117518286475,253.17,0,5,13,14,4,0
502,66.17,2,0.356200426464094,228.7,0,5,2,0,0,0
503,58.21,0,-0.5117927070491041,105.94,0,2,7,17,6,1
504,66.12,1,-0.975138203571186,113.8,0,2,15,7,0,1
505,80.47,0,0.731757826858072,215.18,1,2,21,5,6,0
506,77.05,0,0.2792454457189737,236.64,0,3,20,22,6,0
507,49.99,0,0.21996837381108583,121.07,0,3,24,9,3,1
508,80.3,1,-0.4296253572453678,173.43,0,4,4,20,0,1
509,79.36,0,0.2884374593673431,234.72,1,1,2,4,5,0
510,57.86,0,-2.0713328785865373,166.86,0,7,8,17,4,1
511,70.29,2,0.2733942075779472,231.37,1,3,28,19,0,0
512,84.53,0,0.2662728239437065,215.18,1,7,11,9,0,0
513,59.13,0,-0.4060414345647968,106.04,1,6,9,17,3,1
514,81.51,0,-0.19523904238514028,250.03,0,5,19,9,3,0
515,42.94,0,-0.017932263336087106,130.4,1,4,12,12,1,1
516,84.81,0,-0.7436842869525498,233.93,1,7,4,23,0,0
517,82.79,0,-0.4888894131447857,132.08,0,2,1,0,0,1
518,59.22,1,-0.9697343907213214,126.39,1,1,13,2,2,1
519,35.0,0,-0.5954048337930288,151.25,1,6,18,16,5,1
520,46.61,0,0.47966377480786815,136.18,0,1,1,20,4,1
521,63.26,0,-0.12066544885637416,120.46,1,3,2,4,2,1
522,79.16,0,0.6806374535914896,202.9,1,3,30,20,2,0
523,67.94,0,0.6201515198969345,128.16,0,5,1,0,6,1
524,79.91,0,0.3123907112882551,230.18,1,6,17,3,4,0
525,66.14,0,1.1432746623193193,165.27,0,3,23,8,2,0
526,43.65,0,0.35993276689291454,138.87,0,5,8,22,6,1
527,59.61,2,0.19661331594611528,198.45,1,4,6,5,2,0
528,46.61,1,-1.6145919216956928,156.99,0,4,5,5,1,1
529,89.37,0,-0.7729383083229374,162.03,1,4,16,12,5,0
530,65.1,1,0.13261251763092882,118.1,1,6,1,3,2,1
531,53.44,0,-0.7649296667779807,108.17,1,4,4,22,0,1
532,79.53,1,-0.590065558651829,244.91,0,6,26,4,6,0
533,91.43,0,-0.544947192291052,209.91,1,7,7,3,3,0
534,73.57,0,0.724825175346649,212.38,0,3,20,8,6,0
535,78.76,0,0.705062535819445,208.02,1,4,20,10,2,0
536,76.49,2,-0.030115247264163866,181.11,0,3,25,5,4,0
537,61.72,2,0.5568009796715705,218.49,0,2,14,7,6,0
538,84.53,0,-0.12139109132858626,236.29,0,3,26,0,5,0
539,72.03,0,0.746882428700407,230.95,1,7,5,22,1,0
540,77.47,0,0.7320577373865721,222.91,1,3,14,3,0,0
541,75.65,0,0.3801352390396734,247.9,1,5,30,2,0,0
542,78.15,0,0.8151573587969846,194.37,0,3,7,22,0,0
543,63.8,0,-1.137543279922956,108.7,1,3,19,0,5,1
544,76.59,0,0.5702432624191359,211.64,0,6,18,5,5,0
545,42.6,1,-0.10253631839217592,168.29,0,7,11,18,0,1
546,78.77,0,0.35172075021561144,211.83,0,1,1,8,4,0
547,83.4,0,0.20973019848192664,235.01,0,4,7,1,3,0
548,79.53,0,0.24161128422854308,236.72,0,2,28,22,6,0
549,73.89,0,0.7312469485256181,229.99,1,6,26,17,6,0
550,75.8,0,0.77066159150803,224.9,0,1,21,4,3,0
551,81.95,0,0.4168528566003296,208.76,1,5,1,21,6,0
552,56.39,1,-1.3428138685027915,154.23,0,2,14,10,6,1
553,44.73,0,-0.0919434568322046,127.56,1,1,27,18,2,1
554,38.35,0,-0.5187101732173119,145.48,1,6,16,20,3,1
555,72.53,0,0.8928179156679253,223.93,0,7,21,10,3,0
556,56.2,1,-0.1877754461948716,114.85,1,4,21,18,3,1
557,79.67,0,0.08481122652423896,226.79,0,7,20,1,2,0
558,75.42,2,0.34500015117551464,164.25,1,2,26,17,4,0
559,78.64,0,0.17740656844732428,235.28,1,1,16,17,5,0
560,67.69,0,-1.066605491426857,109.22,0,4,1,1,4,1
561,38.35,0,-1.1999832418890943,144.69,1,6,24,8,4,1
562,59.52,0,0.569426507887633,251.08,1,5,27,18,4,0
563,62.26,0,1.137621375973777,166.19,0,5,26,15,3,0
564,64.75,0,0.32478900168977587,117.66,0,4,6,1,2,1
565,79.97,2,0.2568318791333453,185.45,1,1,8,19,4,0
566,47.9,0,-0.4634035262265114,114.53,0,2,24,19,2,1
567,80.38,0,-0.1020314057302708,238.06,0,3,10,7,3,0
568,64.51,0,1.2187593764409972,190.71,1,4,29,7,4,0
569,71.28,0,0.5583395803394813,246.72,1,4,10,16,6,0
570,50.32,0,-1.5753546218286867,125.65,0,4,27,18,2,1
571,72.76,0,0.5108550121055653,240.63,1,5,10,4,1,0
572,72.8,0,0.35465206378983016,249.54,0,1,3,23,6,0
573,74.59,2,-0.9153095783043749,158.35,1,2,15,16,0,1
574,46.66,1,-0.42902011285150526,118.16,0,3,9,2,2,1
575,48.86,1,-0.207367250610905,134.46,0,1,9,17,5,1
576,37.05,0,-0.39424784622345255,142.81,1,2,3,5,2,1
577,81.21,0,0.3461233242397532,233.04,0,1,2,9,5,0
578,66.89,2,0.402503249595656,208.24,1,1,4,7,0,0
579,68.11,0,0.9150351574591281,231.21,0,1,7,21,3,0
580,69.15,1,-1.116521883909949,112.72,0,7,24,0,6,1
581,65.72,0,-1.5584945521903297,120.12,0,2,13,13,5,1
582,40.04,0,-0.4834058772430413,161.58,0,5,8,10,6,1
583,68.6,0,0.6202475129594022,135.08,0,2,17,18,2,1
584,56.16,2,0.5107449183672552,164.25,1,1,22,19,4,1
585,78.6,1,-0.8267426910028063,254.59,1,7,20,13,2,0
586,78.29,0,0.04515795671987345,252.07,0,1,5,20,1,0
587,43.83,1,-1.1566610846972007,129.01,0,1,29,5,4,1
588,77.31,0,0.31347592099445537,238.1,0,6,17,20,4,0
589,39.86,0,-0.31678090247850554,161.24,0,2,23,13,1,1
590,66.77,2,0.09950575775337166,141.13,0,7,9,11,5,1
591,57.2,0,0.03941301598135325,110.66,0,3,19,11,5,1
592,73.15,2,0.41319969688970254,211.12,1,1,29,7,4,0
593,82.07,2,-0.3619735685542998,193.97,0,6,14,7,1,0
594,49.84,0,0.5840396890638272,135.24,1,5,18,3,2,1
595,43.97,0,0.6427549032727529,156.97,1,1,30,9,5,1
596,77.25,0,-0.06026303454950307,231.38,1,4,25,16,0,0
597,74.84,0,0.42100279396756785,246.44,1,1,14,16,3,0
598,83.53,0,0.5788793840390924,204.56,0,7,6,5,2,0
599,38.63,1,0.041478222658619925,222.11,0,4,7,10,3,1
600,84.0,1,-0.5501308176642964,136.21,1,4,17,5,6,1
601,52.13,1,-0.8723638006907433,118.27,1,1,28,17,3,1
602,71.83,0,-1.8876769990724733,135.48,1,2,18,22,3,1
603,78.36,2,0.10348486000943927,196.77,1,6,24,21,4,0
604,50.18,0,0.32506613420345326,127.82,1,6,20,4,0,1
605,64.67,1,-1.7731974082415465,138.35,1,2,14,16,6,1
606,69.5,2,0.6148268877652638,203.84,0,2,27,13,5,0
607,65.22,0,0.5017166894921352,240.09,1,5,7,15,5,0
608,62.06,0,0.3515027320737359,116.27,1,3,16,20,2,1
609,84.29,0,-0.0015299233289312866,160.33,1,6,26,2,6,1
610,32.91,0,-0.2885621961151824,181.02,0,7,17,14,6,1
611,39.5,0,-0.3851138622795126,148.19,1,1,28,16,3,1
612,75.19,0,-1.27501185338063,245.76,1,6,16,18,3,0
613,76.21,0,0.4784831143728865,228.94,1,6,19,23,6,0
614,67.76,0,0.49703092644287516,242.59,0,5,24,17,1,0
615,40.01,1,-0.3009480128419195,161.77,0,3,1,22,1,1
616,52.7,0,-0.8651664903404269,109.34,1,1,31,8,6,1
617,68.41,0,0.23948804784684694,259.76,0,4,30,15,5,0
618,35.55,0,-0.29388194724367733,151.18,0,1,13,20,2,1
619,74.54,2,0.02746540487311223,219.75,0,3,30,16,2,0
620,81.75,2,-0.23624977340620695,190.08,1,4,29,18,4,0
621,87.85,0,-0.26212722524595844,210.27,1,6,14,19,1,0
622,60.23,1,-0.5842647575436244,151.54,1,7,15,15,4,1
623,87.97,0,-0.4389513273142428,149.25,1,3,24,5,3,0
624,78.17,0,0.44555369761073516,192.27,1,4,26,20,1,0
625,67.91,2,-0.10902262927980931,146.8,1,1,12,3,1,1
626,85.77,0,-0.25763941399218193,191.78,1,4,9,23,5,0
627,41.16,1,0.1321200786438078,150.83,1,3,28,9,0,1
628,53.54,0,-0.5259470739267252,108.03,0,6,23,11,3,1
629,73.94,2,-0.08684063917821287,236.15,1,1,24,1,6,0
630,63.43,0,0.5147755423235174,236.75,1,4,15,10,4,0
631,84.59,0,-0.5338277247217252,241.8,1,4,26,13,1,0
632,70.13,0,0.7526170650988877,224.98,0,5,16,23,0,0
633,40.19,0,-0.0896705363531018,136.99,0,1,18,2,0,1
634,58.95,1,-0.041738000494337464,131.29,1,6,20,8,0,1
635,35.76,1,-0.6231338128376619,195.07,0,7,18,4,0,1
636,59.36,1,-0.5467412321251902,110.84,0,7,1,1,4,1
637,91.1,0,-0.08203393571691701,198.13,1,3,7,22,0,0
638,61.04,0,1.0191979345763886,149.21,0,5,2,15,0,1
639,74.06,2,-0.9038972505444692,225.99,0,7,23,6,5,0
640,64.63,1,-2.2460212705983413,158.8,1,6,12,3,6,1
641,81.29,0,-1.2892952956755803,219.72,0,2,15,20,0,0
642,76.07,0,0.5977189716322868,235.56,0,1,23,1,5,0
643,75.92,2,-1.0079076318958913,182.65,0,2,26,1,4,0
644,78.35,1,-0.20754893239580138,253.48,0,1,11,2,0,0
645,46.14,0,-0.9376043738127128,137.97,1,4,4,13,0,1
646,44.33,0,-0.7389963545685444,120.63,0,1,14,9,3,1
647,46.43,0,-0.16757405871548547,137.2,1,4,25,3,0,1
648,66.04,0,0.8064252441145604,199.76,0,3,5,23,5,0
649,84.31,0,-0.5354509294446924,225.87,0,1,6,21,2,0
650,83.66,0,0.6434637334006911,175.14,0,2,18,3,3,0
651,81.25,0,0.44331874048967024,222.35,1,4,16,14,5,0
652,85.26,0,-0.08612584337972616,224.07,1,2,24,6,2,0
653,86.53,1,-0.5701114753333759,233.36,0,6,29,1,2,0
654,76.44,2,0.09804633780365433,224.2,1,1,5,6,1,0
655,52.84,0,-1.546577854102205,122.31,0,7,16,10,5,1
656,85.24,0,0.26183653439012466,182.84,1,6,17,3,4,0
657,74.71,1,-1.0360748165590201,258.06,1,6,13,11,0,0
658,82.95,0,0.6938291781760039,201.29,0,4,5,8,1,0
659,76.42,2,0.17912685090013147,223.16,1,4,17,18,6,0
660,42.04,1,0.5591839938889838,182.11,0,2,3,16,2,1
661,46.28,2,-0.37729991852792194,228.78,1,4,18,21,0,1
662,48.26,1,-0.7288227169480496,122.45,1,6,18,22,5,1
663,71.03,1,-1.5633121023253502,150.77,0,3,12,7,5,1
664,81.37,0,0.5097795644057176,215.04,0,1,15,1,4,0
665,58.05,0,-2.2307919983545594,195.54,1,2,12,10,4,1
666,75.0,0,0.3770770193828703,230.36,1,2,16,2,1,0
667,79.61,0,0.07214827728382446,235.97,0,4,4,21,0,0
668,52.56,0,-1.2942853079228305,250.36,1,4,24,1,6,1
669,62.18,0,0.48199255565665494,126.44,0,5,20,0,4,1
670,77.89,2,0.3891894999317335,201.54,0,5,15,3,6,0
671,66.08,1,0.10596766362512365,184.23,1,1,7,23,3,1
672,89.21,0,-0.7014576438068951,210.53,0,7,19,12,1,0
673,49.96,1,0.2145645609612213,151.94,1,4,4,0,0,1
674,77.44,0,0.46683812546157655,210.39,0,6,10,4,4,0
675,82.58,0,0.46014193143736154,225.23,1,3,11,14,4,0
676,39.36,0,-0.24677592792276848,161.79,1,1,14,20,3,1
677,47.23,0,0.7359603705928777,149.8,1,6,22,5,2,1
678,87.85,0,-0.28179821038018565,153.01,0,3,19,8,5,0
679,65.57,1,-1.8223252475448213,130.86,0,4,15,15,4,1
680,78.01,2,0.3100575917699777,200.71,1,3,28,2,0,0
681,44.15,0,-0.4417107211099186,141.96,1,1,22,15,4,1
682,43.57,0,-0.32760045951933225,125.2,1,6,25,17,5,1
683,76.83,0,0.5954032067919697,192.81,0,3,4,14,4,0
684,42.06,0,-0.7468536850150354,131.55,0,6,29,2,2,1
685,76.27,0,0.166515965693598,226.69,1,6,18,1,5,0
686,74.27,0,0.44301449129168,247.05,1,1,31,9,6,0
687,73.27,0,0.5580120107929823,216.24,1,5,22,15,6,0
688,74.58,0,0.7424011254508652,230.52,0,7,22,11,4,0
689,77.5,0,0.21614925999246387,225.34,1,7,13,14,2,0
690,87.16,0,0.20574133421950638,197.15,0,2,11,11,3,0
691,87.16,0,-0.3417038470304452,231.95,1,3,16,20,2,0
692,66.26,1,-2.3029787813301086,179.04,1,4,25,19,0,1
693,65.15,0,-0.8501872339260093,117.3,0,7,14,22,3,1
694,68.25,0,1.0558076277334802,198.86,1,5,30,8,0,0
695,73.49,0,0.5488503678310436,244.23,0,2,14,11,6,0
696,39.19,1,-0.2403156490520752,173.05,0,1,23,21,5,1
697,80.15,2,-0.09852521844861935,214.49,0,7,18,2,0,0
698,86.76,0,-0.451913644749471,189.91,0,2,10,8,2,0
699,73.88,0,0.33068471119307546,233.61,0,1,4,6,0,0
700,58.6,2,-0.6791216309384015,197.93,1,6,5,21,6,0
701,69.77,1,0.035560277474183624,132.27,0,6,1,3,2,1
702,87.27,0,-0.2813784441070225,204.27,1,3,6,6,6,1
703,77.65,0,0.4982072482083667,208.01,0,2,26,19,4,0
704,76.02,0,0.8765137380579815,219.55,0,7,13,14,2,0
705,78.84,2,-0.022696664769854595,217.66,1,6,29,7,2,0
706,71.33,2,-1.4068059894789975,169.4,0,3,15,6,1,1
707,81.9,0,0.5294006548408093,225.47,0,6,11,6,5,0
708,46.89,1,0.8428754911678923,176.78,1,7,17,13,6,1
709,77.8,1,-0.721489280842483,152.94,0,2,14,14,6,1
710,45.44,0,-0.4641698437251924,119.27,0,5,4,5,2,1
711,69.96,0,0.8895123918501884,214.06,1,5,20,12,4,0
712,87.35,0,0.05976517222551914,158.29,1,1,26,2,1,0
713,49.42,1,-0.6262354191893658,128.0,1,7,7,18,3,1
714,71.27,2,-0.37228929760059376,216.03,1,1,11,12,0,0
715,49.19,0,0.21651099656119757,123.08,0,5,12,12,3,1
716,39.96,0,-0.16885071221293446,138.52,1,2,28,23,6,1
717,85.01,0,0.15105837096790134,192.5,0,5,3,16,1,0
718,68.95,1,0.955102227866108,185.85,1,3,15,20,1,0
719,67.59,1,0.09031970977555108,113.69,0,7,23,5,5,1
720,75.71,0,0.27645459656949534,246.06,0,3,11,10,4,0
721,43.07,0,0.19365217401915186,137.63,1,2,11,20,3,1
722,39.47,0,0.4644410105683209,163.48,1,7,6,23,2,1
723,48.22,0,0.9149500110703862,214.33,0,3,22,19,1,0
724,76.76,2,-0.35489991028445,230.77,1,5,26,13,3,0
725,78.74,0,-0.3038614294044921,234.75,0,6,18,19,5,0
726,67.47,2,0.1899116985850378,225.05,1,3,20,7,6,0
727,81.17,0,0.00996050048179548,231.91,1,6,3,7,4,0
728,89.66,0,-0.22830729657097326,171.23,1,2,3,15,2,0
729,79.6,0,-0.023984164941028948,227.37,1,5,3,16,1,0
730,65.53,2,-0.32338435744237065,190.17,1,6,20,2,0,0
731,61.87,0,0.5215791184176111,250.2,1,7,10,19,6,0
732,83.16,0,0.7144031488978487,194.95,0,1,4,4,0,0
733,44.11,0,-0.7538920915952784,121.24,1,4,20,16,2,1
734,56.57,2,-0.03127638368644025,131.98,0,1,23,13,5,1
735,83.91,0,-0.2054750483795544,222.87,0,1,4,22,0,0
736,79.8,0,0.009090054915353266,229.88,1,4,8,22,4,0
737,71.23,1,-0.8401301980480598,122.59,0,1,5,11,1,1
738,47.23,0,0.8962492609008726,210.87,1,3,17,22,3,1
739,82.37,0,0.36076145276551513,207.44,0,6,29,4,2,0
740,43.63,0,0.25732757212258417,135.25,1,5,25,19,2,1
741,70.9,0,0.7980554083345563,190.95,0,6,17,23,4,0
742,71.9,0,0.8238948968162708,193.29,1,4,24,7,6,0
743,62.12,0,-0.3438775204449633,105.86,1,3,18,13,4,1
744,67.35,0,-0.5153189606771471,118.69,0,4,28,21,3,1
745,57.99,1,0.2957779458108313,124.58,0,2,12,8,4,1
746,66.8,0,0.14484973492763167,248.51,0,7,11,13,0,1
747,49.13,0,-0.8631311120159045,120.49,0,1,29,0,4,1
748,45.11,1,-0.9334956538056298,195.69,0,1,5,16,1,1
749,54.35,0,1.0831439571892634,164.02,0,6,20,8,0,0
750,61.82,1,0.046903728855934794,151.93,1,2,6,17,5,1
751,77.75,0,0.11039798750815705,240.64,1,6,22,17,2,0
752,70.61,0,0.8212222764103957,190.12,0,4,16,5,5,0
753,82.72,0,0.4714230144451927,179.82,0,1,17,5,6,0
754,76.87,0,0.86428790976869,212.59,0,7,8,22,4,0
755,65.07,0,0.9181497798193023,227.53,1,3,11,0,4,0
756,56.93,0,0.047472636892818255,111.8,0,6,10,0,4,1
757,48.86,0,0.2956477857261295,128.37,1,1,4,0,0,1
758,36.56,0,-0.7687043092343292,195.89,0,1,1,15,4,1
759,85.73,0,-0.7176929450386841,147.75,1,7,10,17,6,1
760,75.81,0,0.7671174408683411,229.19,0,3,27,19,6,0
761,72.94,0,0.9299607228386069,190.84,0,4,29,13,4,0
762,53.63,1,-0.3622018910362139,126.29,1,1,8,18,4,1
763,52.35,2,-1.2863352384159896,147.61,1,6,5,7,6,1
764,52.84,1,-0.99632663835956,121.57,1,6,29,10,2,1
765,51.58,0,-0.38991188840182817,115.91,0,4,24,13,6,1
766,42.32,0,0.37307080044248986,187.09,1,2,14,4,6,1
767,55.04,0,-0.7121150430755308,106.96,1,6,15,5,2,1
768,68.58,0,-2.332891738129298,171.54,1,7,6,12,2,1
769,85.54,0,-0.44748820186961413,175.43,1,3,31,13,3,0
770,71.14,0,0.6912590588368321,224.82,0,6,21,0,1,0
771,64.38,2,-0.2430848048541036,180.47,1,5,27,5,4,0
772,88.85,0,0.0732595190069653,213.96,0,1,17,18,6,0
773,66.79,1,0.19327091343771327,198.3,1,4,7,20,3,1
774,32.6,1,-0.477593144793739,185.47,0,5,2,18,0,1
775,43.88,1,-1.3823657219078267,166.85,1,6,4,17,5,1
776,56.46,2,0.4976063424839939,151.63,0,4,7,18,3,1
777,72.18,0,0.6738897378670796,225.02,0,6,10,22,4,0
778,52.67,0,-2.2906439439698794,191.26,0,5,19,6,3,1
779,80.55,0,0.5968165283783552,219.91,0,3,28,23,0,0
780,67.85,0,1.1664887134258635,202.7,1,1,21,22,3,1
781,75.55,0,-1.356570704788386,123.71,1,3,12,6,5,1
782,80.46,0,-0.0055860369684468895,230.78,0,6,4,9,5,0
783,82.69,0,0.22501370409433444,167.41,1,5,24,10,1,0
784,35.21,0,-0.2533891448929862,154.0,1,3,25,6,4,1
785,36.37,0,-0.5246188987290816,144.53,1,4,22,0,4,1
786,74.07,2,-0.3287659346110988,165.43,1,3,22,4,1,0
787,59.96,0,1.0917887561481994,197.66,0,1,14,8,3,1
788,85.62,0,0.0010879213746313747,195.68,0,4,14,21,3,0
789,40.88,0,-0.45869769683085976,136.18,1,5,31,17,1,1
790,36.98,0,-0.9469043118646476,167.87,1,3,17,6,3,1
791,35.49,1,-1.0916130400338522,170.04,0,4,13,7,2,1
792,56.56,2,0.6383891170983842,204.47,1,2,3,22,2,0
793,36.62,0,-0.319563074289004,162.44,1,2,2,19,1,1
794,49.35,1,-0.6892068681680362,119.86,0,4,7,20,3,1
795,75.64,0,0.6890832160875694,204.82,1,3,15,19,1,0
796,79.22,0,0.34800901846686855,198.79,1,3,11,12,4,0
797,77.05,0,0.4742198292652203,236.08,0,5,17,18,1,0
798,66.83,1,1.131278241179315,196.17,1,2,28,23,6,0
799,76.2,2,-0.5289765498981568,228.81,1,3,2,6,2,0
800,56.64,0,-0.055719905259728524,123.24,1,2,27,8,5,1
801,53.33,0,-0.6907796358581815,111.63,1,3,14,4,0,1
802,50.63,1,-1.6945291953815405,142.23,0,3,10,15,3,1
803,41.84,1,-1.0525172892589592,139.32,0,5,1,8,6,1
804,53.92,0,-1.6960515260388638,125.46,1,6,12,11,6,1
805,83.89,0,0.17224951742470646,180.88,1,5,28,12,5,0
806,55.32,0,0.5786711279035699,127.65,0,3,18,9,4,1
807,53.22,0,-0.6890414563937277,108.85,0,5,26,6,3,1
808,43.16,0,-1.7159860853446114,156.11,1,7,6,3,2,1
809,67.51,0,-1.7934806881075576,127.2,0,4,29,14,4,1
810,43.16,0,-0.3441541106249542,143.04,1,3,5,20,5,1
811,79.89,0,-0.36099031758111605,241.38,1,5,30,8,0,0
812,84.25,0,0.37552269103805763,170.9,1,4,10,6,6,0
813,74.18,0,0.6975430792594914,203.87,0,1,20,2,2,0
814,85.78,0,-0.37820453111659863,232.78,0,7,20,21,2,0
815,80.96,0,0.588684234752932,225.0,1,1,17,4,6,0
816,36.91,1,-0.12837580687388994,159.69,0,2,24,7,2,1
817,54.47,2,-0.5549272167855532,141.52,0,3,26,19,5,1
818,81.98,0,0.5651220054198117,212.88,0,6,4,9,5,0
819,79.6,0,0.8883414934215598,194.23,0,4,22,7,4,0
820,57.51,0,-0.5059984139451347,105.71,0,3,31,8,3,1
821,82.3,0,-0.014993899423946777,232.21,0,4,16,8,5,0
822,73.21,0,-0.32534218204975823,252.6,1,5,12,20,3,1
823,79.09,0,0.6762657017465721,209.72,1,5,7,21,5,0
824,68.47,0,0.5434747563328639,226.64,0,6,25,0,5,0
825,83.69,0,0.6347853097532067,192.57,0,3,23,5,2,0
826,83.48,0,0.1262927031849763,222.72,1,3,4,13,4,0
827,43.49,1,-0.49048550118344,124.67,0,6,14,12,1,1
828,66.69,0,-0.44760859994796326,108.27,0,5,11,19,2,1
829,48.46,1,0.22874170585366482,132.38,1,1,21,23,3,1
830,42.51,0,-0.12238247730706395,144.77,1,1,15,19,4,1
831,42.83,0,-0.14575597451736705,132.38,1,4,23,9,5,1
832,41.46,0,-0.26221291396838714,128.98,1,5,23,8,0,1
833,45.99,0,-0.3172196504306876,124.61,1,2,27,15,5,1
834,68.72,0,0.5341645139408904,225.97,0,2,23,17,1,0
835,63.11,0,0.3305838371274316,254.94,1,3,17,22,3,0
836,49.21,1,-0.4233402521553357,115.6,0,2,28,3,6,1
837,55.77,1,-0.0580438051053396,117.33,1,3,15,14,1,1
838,44.13,0,-1.2696281068771573,128.48,1,3,3,20,3,1
839,57.82,1,-0.4417275334541924,107.56,1,4,6,14,2,1
840,72.46,0,-0.017841693610482285,113.53,0,5,1,9,6,1
841,61.88,1,-1.016952130781599,108.18,0,5,30,8,0,1
842,78.24,2,-0.1576070502294548,199.29,0,4,4,11,0,0
843,74.61,0,0.7615948569411862,231.28,1,4,6,23,2,0
844,89.18,0,-0.5753683157542648,224.01,1,4,26,21,1,0
845,44.16,0,0.25373786545324906,133.42,1,5,25,0,2,1
846,55.74,0,-1.6748007228765702,124.34,1,2,11,16,3,1
847,88.82,0,0.08820786240126628,169.1,0,1,30,0,5,0
848,70.39,0,-0.5236182930779376,261.52,1,7,12,10,1,0
849,59.05,1,-0.37562736143950565,118.45,1,4,23,3,5,1
850,78.58,0,-0.28416766625544215,250.11,1,4,16,10,5,0
851,35.11,0,-0.5083835974972927,158.03,1,3,11,13,4,1
852,60.39,1,-0.9775499614739708,108.25,1,3,2,15,2,1
853,81.56,2,-0.30637189203817533,213.7,1,7,13,21,2,0
854,75.03,0,-1.1523403122187916,255.57,0,5,29,18,6,1
855,50.87,2,0.32145202251823674,190.41,0,5,10,17,1,1
856,82.8,0,0.09568772860212245,223.2,1,5,7,8,5,0
857,78.51,2,0.11355491189585888,205.71,1,1,17,13,6,0
858,37.65,1,-0.3555154590183516,161.29,1,3,9,6,2,1
859,83.17,0,-0.14971229875861194,244.4,1,4,5,18,1,0
860,91.37,1,-0.2761460087020154,182.65,1,4,1,7,4,1
861,68.25,0,0.721981719829604,220.08,0,2,15,16,0,0
862,81.32,2,-0.24926307020794303,165.65,0,3,8,5,1,0
863,76.64,0,0.49921870053323564,241.5,1,2,9,23,1,0
864,74.06,1,0.21294352557299923,246.29,1,6,17,9,4,0
865,39.53,0,-0.9094111571326438,142.21,1,6,1,12,2,1
866,86.58,0,0.17026403379931962,195.93,1,2,26,23,4,0
867,90.75,0,-0.6001692352267967,216.5,0,3,11,9,4,0
868,67.71,2,0.3480713868407882,225.76,1,4,28,2,3,0
869,82.41,0,0.4810776387279397,222.08,0,4,12,4,1,0
870,45.82,0,0.4012455777772263,171.24,1,2,10,20,2,1
871,76.79,0,-0.07241130912165941,235.94,0,5,1,23,6,0
872,70.05,0,1.0059395029484641,203.44,0,3,24,17,3,0
873,72.19,0,0.21993149512042034,250.32,1,4,22,19,4,0
874,77.35,0,0.8307613836179705,167.26,0,3,9,12,2,0
875,40.34,0,-1.3266756450008426,173.75,0,3,30,5,2,1
876,67.39,0,-0.3121152057756368,107.19,0,1,24,13,6,1
877,68.68,0,1.095954421192339,187.03,1,7,15,9,4,0
878,81.75,0,-0.2435918868507538,249.45,0,6,7,5,1,0
879,66.03,2,0.13071163806059835,217.37,0,5,31,23,1,0
880,47.74,0,-1.8741023869054614,154.93,1,5,14,14,5,1
881,79.18,0,0.07764537152772523,236.96,0,1,10,20,6,0
882,86.81,0,-0.3357891558481267,199.62,1,2,21,16,6,0
883,41.53,0,0.5728573107868945,158.81,0,5,23,0,0,1
884,70.92,0,0.5157859099810136,249.81,1,7,21,20,3,0
885,46.84,1,-1.199025480599165,123.22,0,5,15,18,6,1
886,44.4,1,-0.7559328932566637,140.95,1,6,30,0,3,1
887,52.17,0,0.03158551388760617,115.37,1,2,24,6,2,1
888,81.45,0,0.48891436049435305,205.84,1,5,30,21,0,0
889,54.08,0,-0.2168987651468714,111.02,1,6,2,4,3,1
890,76.65,0,0.2226388248822151,238.43,0,4,18,7,0,0
891,54.39,2,-0.24128859568522035,171.9,1,2,29,18,0,1
892,37.74,0,0.47514884686977876,190.95,0,5,27,12,4,1
893,69.86,2,-0.35283470360718333,241.36,0,1,12,21,1,0
894,85.37,0,0.5016743874646071,194.56,1,1,27,17,2,0
895,80.99,2,-1.165497869781072,207.53,1,6,10,3,4,0
896,78.84,0,0.29384994955618793,235.29,1,4,9,9,5,0
897,77.36,0,-0.40215235970064805,115.79,0,2,26,6,4,1
898,55.46,0,-0.8098891293686843,108.1,0,2,21,23,6,1
899,35.66,1,-0.5865181540100223,151.72,0,4,29,14,4,1
900,50.78,1,-0.38263268566488695,122.04,0,2,11,17,3,1
901,40.47,0,-1.7860875952965023,203.9,0,7,22,7,4,1
902,45.62,0,-0.1824676264074748,121.28,0,6,26,2,6,1
903,84.76,0,0.218388555783019,178.69,0,5,14,23,5,0
904,80.64,2,-0.54440268927005,221.59,0,5,24,10,1,0
905,75.94,0,-0.21529508443660952,236.96,1,2,16,12,1,0
906,37.01,1,-0.44396303290894373,216.01,0,3,20,2,6,1
907,87.18,0,0.06917791568419515,193.6,0,1,31,5,6,0
908,56.91,1,-1.9111340156704604,146.44,0,4,1,5,4,1
909,75.24,2,-0.25811775230346057,226.49,0,2,25,16,3,0
910,42.84,1,-1.62369445028583,182.2,1,3,21,11,0,1
911,67.56,1,-0.3462252829727698,109.98,0,2,12,5,4,1
912,34.96,0,-1.090025087000492,160.49,1,6,1,16,2,1
913,87.46,0,0.21675992772318936,211.56,1,6,16,3,3,0
914,41.86,0,-0.21533521712939283,128.62,1,3,26,15,5,1
915,34.04,0,-0.912718307951439,174.88,1,2,16,7,1,1
916,54.96,0,0.1305657502989951,113.75,1,2,28,9,6,1
917,87.14,0,0.06632252882605208,199.4,1,5,18,1,2,0
918,78.79,0,0.6134976279002475,215.29,1,2,21,13,6,0
919,65.56,2,0.6851870908854995,181.25,1,1,5,12,1,0
920,81.05,0,-0.16090552370926972,245.5,0,5,18,0,2,0
921,55.71,0,0.043046651679275016,112.52,1,3,6,23,6,1
922,45.48,1,-0.1993369157184979,129.16,1,5,19,4,3,1
923,47.0,1,-0.3536476618028828,149.53,0,4,29,20,4,1
924,59.64,1,0.7833098977389154,153.12,1,5,3,1,1,1
925,35.98,1,-0.7468162639906839,150.79,0,6,27,21,0,1
926,72.55,2,0.10525124082557823,202.34,0,2,8,7,0,0
927,91.15,0,-1.094335012805176,184.98,0,2,22,7,0,0
928,80.53,0,0.506149182709914,187.64,0,3,21,8,0,0
929,82.49,1,-0.9960988582113318,130.84,0,5,31,0,1,1
930,80.94,0,0.20558243044943308,239.94,0,1,1,5,4,0
931,61.76,0,-1.272228054569073,114.69,0,5,27,8,4,1
932,63.3,0,0.3286021498378486,116.19,0,5,9,7,0,1
933,36.73,0,-0.5572456932943018,149.79,1,6,27,1,0,1
934,78.41,0,-0.08913959167425618,248.23,1,6,3,4,4,0
935,83.98,0,0.6124905142448687,194.62,0,2,24,0,2,0
936,63.18,1,-0.9653978905660107,107.92,0,3,5,12,5,1
937,50.6,1,0.48508548466937923,135.67,0,1,15,22,4,1
938,32.6,0,-0.9140003847857505,190.05,0,2,12,3,4,1
939,60.83,2,-0.8966657731719184,185.46,1,2,19,20,4,0
940,44.72,1,-0.8972243768687632,123.86,1,3,12,2,5,1
941,78.76,1,0.5405965914598985,162.05,0,7,23,4,5,1
942,79.51,0,-1.196932614903899,125.11,1,3,6,9,6,1
943,39.3,0,-0.47058836290204403,145.73,0,2,24,4,2,1
944,64.79,0,-0.8005230266070265,116.07,0,2,17,20,2,1
945,89.8,0,0.017253261560893147,198.24,0,2,2,4,1,0
946,72.82,0,1.0172834966639022,191.82,1,1,27,16,2,0
947,38.65,0,-0.28199128117249306,154.77,1,5,24,9,1,1
948,59.01,0,0.9899574715481579,178.75,1,2,8,22,0,1
949,78.96,1,0.6972339490583251,193.15,0,2,12,1,4,1
950,63.99,0,0.8563513986040056,138.46,0,1,11,8,0,1
951,41.35,0,-0.9663762605360183,162.46,1,3,3,3,3,1
952,62.79,0,-2.095779654161943,231.87,1,5,30,20,0,1
953,45.53,0,-0.04785606680900232,141.58,0,4,22,22,4,1
954,51.65,0,0.10761310402922714,249.99,0,5,25,10,2,0
955,54.55,0,-0.8387016911184587,109.04,0,2,4,3,3,1
956,35.66,0,0.12082869129593724,172.57,0,2,21,20,6,1
957,69.95,0,-0.015555757122909039,247.01,0,4,28,1,3,0
958,79.83,0,-0.06767619370694986,234.23,1,5,18,19,2,0
959,85.35,0,0.39173901059082766,161.42,1,2,17,11,2,0
960,56.78,0,-0.9259214215433651,124.32,0,6,19,23,6,1
961,78.67,2,0.34208727694662844,195.56,0,2,20,9,5,0
962,70.09,2,-0.1240008010268546,211.17,0,1,22,12,4,0
963,60.75,0,0.6922048887856644,247.05,1,2,19,13,4,0
964,65.07,2,0.028920486153339406,233.85,0,1,3,7,6,0
965,35.25,1,-0.5402337702237928,194.44,0,1,3,4,6,1
966,37.58,1,-0.2935017713296111,176.7,1,4,13,13,2,1
967,68.01,2,0.6153133610818364,188.32,1,1,1,3,4,0
968,45.08,0,-1.1748596338732398,125.27,0,3,27,8,6,1
969,63.04,0,0.6926984124401586,159.05,0,7,10,16,6,1
970,40.18,0,-0.3390708169836674,151.96,0,6,25,4,5,1
971,45.17,1,-1.2253601197364312,132.07,1,1,27,14,2,1
972,50.48,1,-1.9751418643235676,162.43,0,5,16,18,0,1
973,80.87,0,0.3534117466493607,203.3,0,2,27,20,5,0
974,41.88,0,-0.6938953428857277,126.11,1,2,28,23,6,1
975,39.87,1,-0.49257294354184294,139.34,1,6,13,6,0,1
976,61.84,1,-0.5959167967928555,105.63,1,5,5,11,3,1
977,54.97,0,-0.2772556234240971,116.38,1,7,7,12,3,1
978,71.4,0,0.8230781422847671,166.31,0,5,24,17,1,0
979,70.29,0,-0.002049479000365173,254.65,1,3,30,14,2,0
980,67.26,1,-1.699112457364098,168.41,1,5,27,5,4,1
981,76.58,1,-0.8204239612242261,258.26,0,1,3,16,6,0
982,54.37,0,0.823478926878911,140.77,0,6,25,18,5,1
983,82.79,0,-0.14009184149809942,234.81,1,2,24,10,2,0
984,66.47,0,0.055608726854045686,256.39,1,3,3,3,3,0
985,72.88,0,0.3795771776765149,125.12,0,4,21,19,3,1
986,76.44,0,0.1602536386183886,232.68,1,4,6,17,2,0
987,63.37,0,-0.7515177547168455,105.04,1,3,23,12,2,1
988,89.71,1,-0.29887575582673165,204.4,1,2,17,7,2,0
989,70.96,0,-0.09894606938915487,256.4,0,6,26,7,6,0
990,35.79,0,-1.2581718500886645,165.62,1,4,20,13,2,1
991,38.96,0,-1.1126018960256836,140.67,1,7,21,16,3,1
992,69.17,0,0.49794421637053177,123.62,0,3,6,11,6,1
993,64.2,0,0.49833198495620595,227.63,1,2,11,23,3,0
994,43.7,0,0.33161860980081004,173.01,0,4,4,3,0,1
995,72.97,0,0.7794566168980601,208.58,1,2,11,21,3,1
996,51.3,1,0.5840863297608454,134.42,1,4,22,2,4,1
997,51.63,1,-0.7916217038144904,120.37,1,2,1,17,0,1
998,55.55,2,-0.8184634249484071,187.95,0,3,24,2,3,0
999,45.01,2,-1.4717038077112528,178.35,0,6,3,21,4,1
